participant,design,slot,rsod,trialIndex,map,landmarkLevel,elapsedSec,distance,pathEfficiency,deadEndEntries,reorientationSec,timedOut
P1,v1,1,16,1,0,2,62.16,178.39,1.86,4,4.15,false
P1,v1,1,16,2,1,3,80.89,228.6,2.38,4,3.59,false
P1,v1,1,16,3,2,0,29.4,96.08,1,1,0.87,false
P2,v1,3,23,1,2,0,80.62,275.31,2.87,2,0.47,false
P2,v1,3,23,2,0,2,60.4,202.15,2.11,3,1.03,false
P2,v1,3,23,3,1,3,53.04,182.61,1.9,1,0.27,false
P3,v1,1,4,1,0,2,260.02,549.75,5.73,9,44.96,true
P3,v1,1,4,2,1,3,61.88,119.04,1.24,2,11.49,false
P3,v1,1,4,3,2,0,173.41,458.46,4.78,6,27.58,false
P4,v4,3,8,1,2,0,346.38,1054.24,6.59,14,2.34,false
P4,v4,3,8,2,0,2,435.01,1467.5,9.17,18,3.99,true
P4,v4,3,8,3,1,3,152.07,505.05,3.16,5,2.1,false
P5,v4,4,4,1,0,3,189.34,607.25,3.8,7,1.89,false
P5,v4,4,4,2,1,0,236.47,791.57,4.95,9,1.6,false
P5,v4,4,4,3,2,2,179.93,614.11,3.84,5,1.32,false
